日付,方法,カテゴリ,ジャンル,支払元,入金先,商品,メモ,場所,通貨,収入,支出,振替,残高調整,通貨変換前の金額,集計の設定
2016-03-01,payment,住まい,家賃,銀行,-,,,-,（プレミアム会員で表示）,0,155000,（プレミアム会員で表示）,（プレミアム会員で表示）,（プレミアム会員で表示）,（プレミアム会員で表示）
2016-03-01,payment,食費,昼ご飯,-,-,,,トラットリア・イタリア,（プレミアム会員で表示）,0,1000,（プレミアム会員で表示）,（プレミアム会員で表示）,（プレミアム会員で表示）,（プレミアム会員で表示）
2016-03-01,payment,食費,晩ご飯,-,-,,,杵屋,（プレミアム会員で表示）,0,1080,（プレミアム会員で表示）,（プレミアム会員で表示）,（プレミアム会員で表示）,（プレミアム会員で表示）
2016-03-01,payment,美容・衣服,洋服,-,-,,,ZARA,（プレミアム会員で表示）,0,6000,（プレミアム会員で表示）,（プレミアム会員で表示）,（プレミアム会員で表示）,（プレミアム会員で表示）
2016-03-02,payment,食費,食料品,-,-,,,満,（プレミアム会員で表示）,0,1170,（プレミアム会員で表示）,（プレミアム会員で表示）,（プレミアム会員で表示）,（プレミアム会員で表示）
2016-03-02,payment,食費,食料品,-,-,,,ライフ,（プレミアム会員で表示）,0,4615,（プレミアム会員で表示）,（プレミアム会員で表示）,（プレミアム会員で表示）,（プレミアム会員で表示）
2016-03-02,payment,食費,カフェ,-,-,,,スタバ,（プレミアム会員で表示）,0,410,（プレミアム会員で表示）,（プレミアム会員で表示）,（プレミアム会員で表示）,（プレミアム会員で表示）
2016-03-02,payment,食費,昼ご飯,-,-,,,水内庵,（プレミアム会員で表示）,0,900,（プレミアム会員で表示）,（プレミアム会員で表示）,（プレミアム会員で表示）,（プレミアム会員で表示）
2016-03-02,payment,エンタメ,レジャー,-,-,,,合気道,（プレミアム会員で表示）,0,10800,（プレミアム会員で表示）,（プレミアム会員で表示）,（プレミアム会員で表示）,（プレミアム会員で表示）
2016-03-03,payment,食費,昼ご飯,-,-,,,アークサウスタワー笑壺,（プレミアム会員で表示）,0,1000,（プレミアム会員で表示）,（プレミアム会員で表示）,（プレミアム会員で表示）,（プレミアム会員で表示）
2016-03-03,payment,食費,カフェ,-,-,,,FUKUSHIMAYA,（プレミアム会員で表示）,0,313,（プレミアム会員で表示）,（プレミアム会員で表示）,（プレミアム会員で表示）,（プレミアム会員で表示）
2016-03-03,payment,交際費,飲み会,-,-,,林くん,-,（プレミアム会員で表示）,0,10000,（プレミアム会員で表示）,（プレミアム会員で表示）,（プレミアム会員で表示）,（プレミアム会員で表示）
2016-03-03,payment,美容・衣服,コスメ,-,-,,ママバター,シンシアガーデン,（プレミアム会員で表示）,0,2555,（プレミアム会員で表示）,（プレミアム会員で表示）,（プレミアム会員で表示）,（プレミアム会員で表示）
2016-03-03,payment,美容・衣服,美容院,-,-,,"Plus Lounge",明治神宮前,（プレミアム会員で表示）,0,4480,（プレミアム会員で表示）,（プレミアム会員で表示）,（プレミアム会員で表示）,（プレミアム会員で表示）
2016-03-04,payment,食費,昼ご飯,-,-,,,アークヒルズカフェ,（プレミアム会員で表示）,0,10000,（プレミアム会員で表示）,（プレミアム会員で表示）,（プレミアム会員で表示）,（プレミアム会員で表示）
2016-03-04,payment,食費,晩ご飯,-,-,,,FUKUSHIMAYA,（プレミアム会員で表示）,0,699,（プレミアム会員で表示）,（プレミアム会員で表示）,（プレミアム会員で表示）,（プレミアム会員で表示）
2016-03-04,payment,食費,食料品,-,-,,,Santoku,（プレミアム会員で表示）,0,1661,（プレミアム会員で表示）,（プレミアム会員で表示）,（プレミアム会員で表示）,（プレミアム会員で表示）
2016-03-04,payment,食費,カフェ,-,-,,,タリーズ,（プレミアム会員で表示）,0,690,（プレミアム会員で表示）,（プレミアム会員で表示）,（プレミアム会員で表示）,（プレミアム会員で表示）
2016-03-04,payment,水道・光熱,ガス料金,-,-,,,東京ガス,（プレミアム会員で表示）,0,6045,（プレミアム会員で表示）,（プレミアム会員で表示）,（プレミアム会員で表示）,（プレミアム会員で表示）
2016-03-04,payment,食費,カフェ,-,-,,,スタバ,（プレミアム会員で表示）,0,410,（プレミアム会員で表示）,（プレミアム会員で表示）,（プレミアム会員で表示）,（プレミアム会員で表示）
2016-03-04,payment,食費,昼ご飯,-,-,,法子,-,（プレミアム会員で表示）,0,1740,（プレミアム会員で表示）,（プレミアム会員で表示）,（プレミアム会員で表示）,（プレミアム会員で表示）
2016-03-04,payment,美容・衣服,アクセサリー・小物,-,-,,,ユザワヤ,（プレミアム会員で表示）,0,401,（プレミアム会員で表示）,（プレミアム会員で表示）,（プレミアム会員で表示）,（プレミアム会員で表示）
2016-03-04,payment,美容・衣服,洋服,-,-,,,ユニクロ,（プレミアム会員で表示）,0,3225,（プレミアム会員で表示）,（プレミアム会員で表示）,（プレミアム会員で表示）,（プレミアム会員で表示）
2016-03-05,payment,食費,昼ご飯,-,-,,,Solasio,（プレミアム会員で表示）,0,5700,（プレミアム会員で表示）,（プレミアム会員で表示）,（プレミアム会員で表示）,（プレミアム会員で表示）
2016-03-05,payment,エンタメ,レジャー,-,-,,,浜離宮恩賜庭園,（プレミアム会員で表示）,0,600,（プレミアム会員で表示）,（プレミアム会員で表示）,（プレミアム会員で表示）,（プレミアム会員で表示）
2016-03-05,payment,食費,カフェ,-,-,,,スタバ,（プレミアム会員で表示）,0,453,（プレミアム会員で表示）,（プレミアム会員で表示）,（プレミアム会員で表示）,（プレミアム会員で表示）
2016-03-05,payment,食費,昼ご飯,-,-,,,おむすび権兵衛,（プレミアム会員で表示）,0,610,（プレミアム会員で表示）,（プレミアム会員で表示）,（プレミアム会員で表示）,（プレミアム会員で表示）
2016-03-05,payment,食費,食料品,-,-,,,ライフ,（プレミアム会員で表示）,0,6318,（プレミアム会員で表示）,（プレミアム会員で表示）,（プレミアム会員で表示）,（プレミアム会員で表示）
2016-03-06,payment,エンタメ,レジャー,-,-,,,曙橋ボルダリング,（プレミアム会員で表示）,0,1700,（プレミアム会員で表示）,（プレミアム会員で表示）,（プレミアム会員で表示）,（プレミアム会員で表示）
2016-03-06,payment,食費,食料品,-,-,,,ライフ,（プレミアム会員で表示）,0,3379,（プレミアム会員で表示）,（プレミアム会員で表示）,（プレミアム会員で表示）,（プレミアム会員で表示）
2016-03-06,payment,食費,食料品,-,-,,,イトーヨーカドー,（プレミアム会員で表示）,0,4961,（プレミアム会員で表示）,（プレミアム会員で表示）,（プレミアム会員で表示）,（プレミアム会員で表示）
2016-03-07,payment,食費,昼ご飯,-,-,,,アークヒルズカフェ,（プレミアム会員で表示）,0,1000,（プレミアム会員で表示）,（プレミアム会員で表示）,（プレミアム会員で表示）,（プレミアム会員で表示）
2016-03-07,payment,食費,晩ご飯,-,-,,,FUKUSHIMAYA,（プレミアム会員で表示）,0,699,（プレミアム会員で表示）,（プレミアム会員で表示）,（プレミアム会員で表示）,（プレミアム会員で表示）
2016-03-08,payment,食費,昼ご飯,-,-,,御茶ノ水,cafe104.5,（プレミアム会員で表示）,0,1320,（プレミアム会員で表示）,（プレミアム会員で表示）,（プレミアム会員で表示）,（プレミアム会員で表示）
2016-03-08,payment,食費,晩ご飯,-,-,,,FUKUSHIMAYA,（プレミアム会員で表示）,0,842,（プレミアム会員で表示）,（プレミアム会員で表示）,（プレミアム会員で表示）,（プレミアム会員で表示）
2016-03-08,payment,食費,食料品,-,-,,,FUKUSHIMAYA,（プレミアム会員で表示）,0,308,（プレミアム会員で表示）,（プレミアム会員で表示）,（プレミアム会員で表示）,（プレミアム会員で表示）
2016-03-08,payment,水道・光熱,電気料金,-,-,,,-,（プレミアム会員で表示）,0,21280,（プレミアム会員で表示）,（プレミアム会員で表示）,（プレミアム会員で表示）,（プレミアム会員で表示）
2016-03-08,payment,医療・保険,病院代,-,-,,,新宿はま歯科,（プレミアム会員で表示）,0,140,（プレミアム会員で表示）,（プレミアム会員で表示）,（プレミアム会員で表示）,（プレミアム会員で表示）
2016-03-08,payment,食費,食料品,-,-,,,ライフ,（プレミアム会員で表示）,0,3818,（プレミアム会員で表示）,（プレミアム会員で表示）,（プレミアム会員で表示）,（プレミアム会員で表示）
2016-03-09,payment,食費,昼ご飯,-,-,,,アークヒルズカフェ,（プレミアム会員で表示）,0,1280,（プレミアム会員で表示）,（プレミアム会員で表示）,（プレミアム会員で表示）,（プレミアム会員で表示）
2016-03-09,payment,食費,晩ご飯,-,-,,,水内庵,（プレミアム会員で表示）,0,1000,（プレミアム会員で表示）,（プレミアム会員で表示）,（プレミアム会員で表示）,（プレミアム会員で表示）
2016-03-09,payment,医療・保険,薬代,-,-,,,ココカラファイン,（プレミアム会員で表示）,0,2036,（プレミアム会員で表示）,（プレミアム会員で表示）,（プレミアム会員で表示）,（プレミアム会員で表示）
2016-03-09,payment,食費,カフェ,-,-,,,-,（プレミアム会員で表示）,0,630,（プレミアム会員で表示）,（プレミアム会員で表示）,（プレミアム会員で表示）,（プレミアム会員で表示）
2016-03-10,payment,医療・保険,病院代,-,-,,,新宿はま歯科,（プレミアム会員で表示）,0,1730,（プレミアム会員で表示）,（プレミアム会員で表示）,（プレミアム会員で表示）,（プレミアム会員で表示）
2016-03-10,payment,食費,食料品,-,-,,,ライフ,（プレミアム会員で表示）,0,5944,（プレミアム会員で表示）,（プレミアム会員で表示）,（プレミアム会員で表示）,（プレミアム会員で表示）
2016-03-10,payment,食費,昼ご飯,-,-,,,cafe104.5,（プレミアム会員で表示）,0,1223,（プレミアム会員で表示）,（プレミアム会員で表示）,（プレミアム会員で表示）,（プレミアム会員で表示）
2016-03-10,payment,食費,晩ご飯,-,-,,,"Soup Stock Tokyo",（プレミアム会員で表示）,0,980,（プレミアム会員で表示）,（プレミアム会員で表示）,（プレミアム会員で表示）,（プレミアム会員で表示）
2016-03-10,payment,食費,晩ご飯,-,-,,,FUKUSHIMAYA,（プレミアム会員で表示）,0,2194,（プレミアム会員で表示）,（プレミアム会員で表示）,（プレミアム会員で表示）,（プレミアム会員で表示）
2016-03-11,payment,美容・衣服,洋服,-,-,,,ユニクロ,（プレミアム会員で表示）,0,5235,（プレミアム会員で表示）,（プレミアム会員で表示）,（プレミアム会員で表示）,（プレミアム会員で表示）
2016-03-12,payment,食費,食料品,-,-,,,ライフ,（プレミアム会員で表示）,0,2633,（プレミアム会員で表示）,（プレミアム会員で表示）,（プレミアム会員で表示）,（プレミアム会員で表示）
2016-03-12,payment,食費,食料品,-,-,,,Santoku,（プレミアム会員で表示）,0,3973,（プレミアム会員で表示）,（プレミアム会員で表示）,（プレミアム会員で表示）,（プレミアム会員で表示）
2016-03-12,payment,美容・衣服,その他,-,-,,理央用布,ユザワヤ,（プレミアム会員で表示）,0,8601,（プレミアム会員で表示）,（プレミアム会員で表示）,（プレミアム会員で表示）,（プレミアム会員で表示）
2016-03-12,payment,日用雑貨,消耗品,-,-,,,"Natural Kitchen",（プレミアム会員で表示）,0,1296,（プレミアム会員で表示）,（プレミアム会員で表示）,（プレミアム会員で表示）,（プレミアム会員で表示）
2016-03-13,payment,食費,昼ご飯,-,-,,,"Carne Vino",（プレミアム会員で表示）,0,7000,（プレミアム会員で表示）,（プレミアム会員で表示）,（プレミアム会員で表示）,（プレミアム会員で表示）
2016-03-13,payment,食費,食料品,-,-,,,MARUSHO,（プレミアム会員で表示）,0,1125,（プレミアム会員で表示）,（プレミアム会員で表示）,（プレミアム会員で表示）,（プレミアム会員で表示）
2016-03-13,payment,食費,食料品,-,-,,,Santoku,（プレミアム会員で表示）,0,528,（プレミアム会員で表示）,（プレミアム会員で表示）,（プレミアム会員で表示）,（プレミアム会員で表示）
2016-03-13,payment,交際費,プレゼント,-,-,,,伊勢丹デパ地下,（プレミアム会員で表示）,0,1814,（プレミアム会員で表示）,（プレミアム会員で表示）,（プレミアム会員で表示）,（プレミアム会員で表示）
2016-03-14,payment,医療・保険,病院代,-,-,,,新宿はま歯科,（プレミアム会員で表示）,0,1480,（プレミアム会員で表示）,（プレミアム会員で表示）,（プレミアム会員で表示）,（プレミアム会員で表示）
2016-03-14,payment,食費,昼ご飯,-,-,,,アークヒルズカフェ,（プレミアム会員で表示）,0,1000,（プレミアム会員で表示）,（プレミアム会員で表示）,（プレミアム会員で表示）,（プレミアム会員で表示）
2016-03-14,payment,食費,晩ご飯,-,-,,,"Soup Stock Tokyo",（プレミアム会員で表示）,0,980,（プレミアム会員で表示）,（プレミアム会員で表示）,（プレミアム会員で表示）,（プレミアム会員で表示）
2016-03-14,payment,エンタメ,書籍,-,-,,絵本,ヨドバシカメラ,（プレミアム会員で表示）,0,648,（プレミアム会員で表示）,（プレミアム会員で表示）,（プレミアム会員で表示）,（プレミアム会員で表示）
2016-03-14,payment,食費,食料品,-,-,,,山さき,（プレミアム会員で表示）,0,610,（プレミアム会員で表示）,（プレミアム会員で表示）,（プレミアム会員で表示）,（プレミアム会員で表示）
2016-03-15,payment,食費,食料品,-,-,,,Santoku,（プレミアム会員で表示）,0,2756,（プレミアム会員で表示）,（プレミアム会員で表示）,（プレミアム会員で表示）,（プレミアム会員で表示）
2016-03-15,payment,食費,晩ご飯,-,-,,,FUKUSHIMAYA,（プレミアム会員で表示）,0,1059,（プレミアム会員で表示）,（プレミアム会員で表示）,（プレミアム会員で表示）,（プレミアム会員で表示）
2016-03-15,payment,美容・衣服,コスメ,-,-,,,-,（プレミアム会員で表示）,0,286,（プレミアム会員で表示）,（プレミアム会員で表示）,（プレミアム会員で表示）,（プレミアム会員で表示）
2016-03-15,payment,医療・保険,薬代,-,-,,,ココカラファイン,（プレミアム会員で表示）,0,1669,（プレミアム会員で表示）,（プレミアム会員で表示）,（プレミアム会員で表示）,（プレミアム会員で表示）
2016-03-15,payment,食費,食料品,-,-,,,満,（プレミアム会員で表示）,0,780,（プレミアム会員で表示）,（プレミアム会員で表示）,（プレミアム会員で表示）,（プレミアム会員で表示）
2016-03-16,payment,食費,昼ご飯,-,-,,,過門香,（プレミアム会員で表示）,0,1350,（プレミアム会員で表示）,（プレミアム会員で表示）,（プレミアム会員で表示）,（プレミアム会員で表示）
2016-03-16,payment,食費,カフェ,-,-,,,スタバ,（プレミアム会員で表示）,0,410,（プレミアム会員で表示）,（プレミアム会員で表示）,（プレミアム会員で表示）,（プレミアム会員で表示）
2016-03-16,payment,食費,晩ご飯,-,-,,,"NAGANO BAKERY",（プレミアム会員で表示）,0,620,（プレミアム会員で表示）,（プレミアム会員で表示）,（プレミアム会員で表示）,（プレミアム会員で表示）
2016-03-16,payment,食費,食料品,-,-,,,ライフ,（プレミアム会員で表示）,0,4185,（プレミアム会員で表示）,（プレミアム会員で表示）,（プレミアム会員で表示）,（プレミアム会員で表示）
2016-03-16,payment,日用雑貨,消耗品,-,-,,,ココカラファイン,（プレミアム会員で表示）,0,321,（プレミアム会員で表示）,（プレミアム会員で表示）,（プレミアム会員で表示）,（プレミアム会員で表示）
2016-03-17,payment,医療・保険,病院代,-,-,,,新宿はま歯科,（プレミアム会員で表示）,0,1540,（プレミアム会員で表示）,（プレミアム会員で表示）,（プレミアム会員で表示）,（プレミアム会員で表示）
2016-03-17,payment,食費,昼ご飯,-,-,,,アークヒルズカフェ,（プレミアム会員で表示）,0,1000,（プレミアム会員で表示）,（プレミアム会員で表示）,（プレミアム会員で表示）,（プレミアム会員で表示）
2016-03-17,payment,食費,晩ご飯,-,-,,,水内庵,（プレミアム会員で表示）,0,1500,（プレミアム会員で表示）,（プレミアム会員で表示）,（プレミアム会員で表示）,（プレミアム会員で表示）
2016-03-17,payment,食費,昼ご飯,-,-,,,"Bistro W",（プレミアム会員で表示）,0,4384,（プレミアム会員で表示）,（プレミアム会員で表示）,（プレミアム会員で表示）,（プレミアム会員で表示）
2016-03-17,payment,食費,食料品,-,-,,,らぽっぽ,（プレミアム会員で表示）,0,531,（プレミアム会員で表示）,（プレミアム会員で表示）,（プレミアム会員で表示）,（プレミアム会員で表示）
2016-03-17,payment,日用雑貨,子ども関連,-,-,,,ユザワヤ,（プレミアム会員で表示）,0,1803,（プレミアム会員で表示）,（プレミアム会員で表示）,（プレミアム会員で表示）,（プレミアム会員で表示）
2016-03-17,payment,日用雑貨,消耗品,-,-,,,ユニクロ,（プレミアム会員で表示）,0,1065,（プレミアム会員で表示）,（プレミアム会員で表示）,（プレミアム会員で表示）,（プレミアム会員で表示）
2016-03-18,payment,医療・保険,病院代,-,-,,,新宿はま歯科,（プレミアム会員で表示）,0,2020,（プレミアム会員で表示）,（プレミアム会員で表示）,（プレミアム会員で表示）,（プレミアム会員で表示）
2016-03-18,payment,美容・衣服,洋服,-,-,,理央,ユニクロ,（プレミアム会員で表示）,0,1715,（プレミアム会員で表示）,（プレミアム会員で表示）,（プレミアム会員で表示）,（プレミアム会員で表示）
2016-03-18,payment,食費,カフェ,-,-,,,スタバ,（プレミアム会員で表示）,0,540,（プレミアム会員で表示）,（プレミアム会員で表示）,（プレミアム会員で表示）,（プレミアム会員で表示）
2016-03-18,payment,美容・衣服,その他,-,-,,,ユザワヤ,（プレミアム会員で表示）,0,2058,（プレミアム会員で表示）,（プレミアム会員で表示）,（プレミアム会員で表示）,（プレミアム会員で表示）
2016-03-18,payment,食費,食料品,-,-,,,Santoku,（プレミアム会員で表示）,0,2160,（プレミアム会員で表示）,（プレミアム会員で表示）,（プレミアム会員で表示）,（プレミアム会員で表示）
2016-03-18,payment,食費,昼ご飯,-,-,,,麦めしいとう,（プレミアム会員で表示）,0,1000,（プレミアム会員で表示）,（プレミアム会員で表示）,（プレミアム会員で表示）,（プレミアム会員で表示）
2016-03-18,payment,食費,晩ご飯,-,-,,,FUKUSHIMAYA,（プレミアム会員で表示）,0,1218,（プレミアム会員で表示）,（プレミアム会員で表示）,（プレミアム会員で表示）,（プレミアム会員で表示）
2016-03-18,payment,美容・衣服,その他,-,-,,,雑貨屋,（プレミアム会員で表示）,0,3350,（プレミアム会員で表示）,（プレミアム会員で表示）,（プレミアム会員で表示）,（プレミアム会員で表示）
2016-03-18,payment,美容・衣服,洋服,-,-,,,ZARA,（プレミアム会員で表示）,0,2990,（プレミアム会員で表示）,（プレミアム会員で表示）,（プレミアム会員で表示）,（プレミアム会員で表示）
2016-03-19,payment,美容・衣服,美容院,-,-,,,明治神宮前,（プレミアム会員で表示）,0,6480,（プレミアム会員で表示）,（プレミアム会員で表示）,（プレミアム会員で表示）,（プレミアム会員で表示）
2016-03-19,payment,食費,昼ご飯,-,-,,,"Cafe Vogue Ruby",（プレミアム会員で表示）,0,1650,（プレミアム会員で表示）,（プレミアム会員で表示）,（プレミアム会員で表示）,（プレミアム会員で表示）
2016-03-19,payment,食費,晩ご飯,-,-,,,みのる食堂,（プレミアム会員で表示）,0,5378,（プレミアム会員で表示）,（プレミアム会員で表示）,（プレミアム会員で表示）,（プレミアム会員で表示）
2016-03-19,payment,食費,食料品,-,-,,,JOHAN,（プレミアム会員で表示）,0,464,（プレミアム会員で表示）,（プレミアム会員で表示）,（プレミアム会員で表示）,（プレミアム会員で表示）
2016-03-19,payment,交際費,プレゼント,-,-,,瑠美おばさん,銀座三越,（プレミアム会員で表示）,0,1296,（プレミアム会員で表示）,（プレミアム会員で表示）,（プレミアム会員で表示）,（プレミアム会員で表示）
2016-03-20,payment,食費,食料品,-,-,,,Santoku,（プレミアム会員で表示）,0,3545,（プレミアム会員で表示）,（プレミアム会員で表示）,（プレミアム会員で表示）,（プレミアム会員で表示）
2016-03-21,payment,食費,カフェ,-,-,,,タリーズ,（プレミアム会員で表示）,0,880,（プレミアム会員で表示）,（プレミアム会員で表示）,（プレミアム会員で表示）,（プレミアム会員で表示）
2016-03-21,payment,食費,昼ご飯,-,-,,,コリーナ・ピッコラ,（プレミアム会員で表示）,0,2800,（プレミアム会員で表示）,（プレミアム会員で表示）,（プレミアム会員で表示）,（プレミアム会員で表示）
2016-03-21,payment,食費,食料品,-,-,,,ライフ,（プレミアム会員で表示）,0,3117,（プレミアム会員で表示）,（プレミアム会員で表示）,（プレミアム会員で表示）,（プレミアム会員で表示）
2016-03-21,payment,日用雑貨,子ども関連,-,-,,,マルミヤワールド,（プレミアム会員で表示）,0,2780,（プレミアム会員で表示）,（プレミアム会員で表示）,（プレミアム会員で表示）,（プレミアム会員で表示）
2016-03-22,payment,食費,食料品,-,-,,,満,（プレミアム会員で表示）,0,550,（プレミアム会員で表示）,（プレミアム会員で表示）,（プレミアム会員で表示）,（プレミアム会員で表示）
2016-03-22,payment,食費,食料品,-,-,,,満,（プレミアム会員で表示）,0,210,（プレミアム会員で表示）,（プレミアム会員で表示）,（プレミアム会員で表示）,（プレミアム会員で表示）
2016-03-22,payment,食費,昼ご飯,-,-,,,アークヒルズカフェ,（プレミアム会員で表示）,0,1280,（プレミアム会員で表示）,（プレミアム会員で表示）,（プレミアム会員で表示）,（プレミアム会員で表示）
2016-03-22,payment,食費,食料品,-,-,,,Santoku,（プレミアム会員で表示）,0,3207,（プレミアム会員で表示）,（プレミアム会員で表示）,（プレミアム会員で表示）,（プレミアム会員で表示）
2016-03-23,payment,食費,昼ご飯,-,-,,,FUKUSHIMAYA,（プレミアム会員で表示）,0,1692,（プレミアム会員で表示）,（プレミアム会員で表示）,（プレミアム会員で表示）,（プレミアム会員で表示）
2016-03-23,payment,食費,食料品,-,-,,,FUKUSHIMAYA,（プレミアム会員で表示）,0,313,（プレミアム会員で表示）,（プレミアム会員で表示）,（プレミアム会員で表示）,（プレミアム会員で表示）
2016-03-23,payment,食費,昼ご飯,-,-,,,モスバーガー,（プレミアム会員で表示）,0,1090,（プレミアム会員で表示）,（プレミアム会員で表示）,（プレミアム会員で表示）,（プレミアム会員で表示）
2016-03-23,payment,日用雑貨,子ども関連,-,-,,,ZOZOTOWN,（プレミアム会員で表示）,0,6156,（プレミアム会員で表示）,（プレミアム会員で表示）,（プレミアム会員で表示）,（プレミアム会員で表示）
2016-03-23,payment,日用雑貨,子ども関連,-,-,,,ワールドパーティー,（プレミアム会員で表示）,0,4968,（プレミアム会員で表示）,（プレミアム会員で表示）,（プレミアム会員で表示）,（プレミアム会員で表示）
2016-03-24,payment,食費,カフェ,-,-,,渋谷,-,（プレミアム会員で表示）,0,573,（プレミアム会員で表示）,（プレミアム会員で表示）,（プレミアム会員で表示）,（プレミアム会員で表示）
2016-03-24,payment,食費,カフェ,-,-,,法子,-,（プレミアム会員で表示）,0,1047,（プレミアム会員で表示）,（プレミアム会員で表示）,（プレミアム会員で表示）,（プレミアム会員で表示）
2016-03-24,payment,美容・衣服,洋服,-,-,,"法子 表参道",-,（プレミアム会員で表示）,0,8500,（プレミアム会員で表示）,（プレミアム会員で表示）,（プレミアム会員で表示）,（プレミアム会員で表示）
2016-03-24,payment,食費,食料品,-,-,,伊勢丹,伊勢丹,（プレミアム会員で表示）,0,345,（プレミアム会員で表示）,（プレミアム会員で表示）,（プレミアム会員で表示）,（プレミアム会員で表示）
2016-03-24,payment,食費,食料品,-,-,,伊勢丹,伊勢丹,（プレミアム会員で表示）,0,750,（プレミアム会員で表示）,（プレミアム会員で表示）,（プレミアム会員で表示）,（プレミアム会員で表示）
2016-03-24,payment,食費,食料品,-,-,,,ライフ,（プレミアム会員で表示）,0,317,（プレミアム会員で表示）,（プレミアム会員で表示）,（プレミアム会員で表示）,（プレミアム会員で表示）
2016-03-24,payment,食費,昼ご飯,-,-,,,アークヒルズカフェ,（プレミアム会員で表示）,0,1000,（プレミアム会員で表示）,（プレミアム会員で表示）,（プレミアム会員で表示）,（プレミアム会員で表示）
2016-03-24,payment,食費,晩ご飯,-,-,,,"Soup Stock Tokyo",（プレミアム会員で表示）,0,980,（プレミアム会員で表示）,（プレミアム会員で表示）,（プレミアム会員で表示）,（プレミアム会員で表示）
2016-03-25,income,給与所得,-,-,銀行,,,-,（プレミアム会員で表示）,500000,0,（プレミアム会員で表示）,（プレミアム会員で表示）,（プレミアム会員で表示）,（プレミアム会員で表示）
2016-03-25,payment,医療・保険,病院代,-,-,,,新宿はま歯科,（プレミアム会員で表示）,0,1300,（プレミアム会員で表示）,（プレミアム会員で表示）,（プレミアム会員で表示）,（プレミアム会員で表示）
2016-03-25,payment,食費,昼ご飯,-,-,,,アークサウスタワー笑壺,（プレミアム会員で表示）,0,1000,（プレミアム会員で表示）,（プレミアム会員で表示）,（プレミアム会員で表示）,（プレミアム会員で表示）
2016-03-25,payment,食費,カフェ,-,-,,,FUKUSHIMAYA,（プレミアム会員で表示）,0,410,（プレミアム会員で表示）,（プレミアム会員で表示）,（プレミアム会員で表示）,（プレミアム会員で表示）
2016-03-25,payment,食費,食料品,-,-,,法子　パン屋,-,（プレミアム会員で表示）,0,799,（プレミアム会員で表示）,（プレミアム会員で表示）,（プレミアム会員で表示）,（プレミアム会員で表示）
2016-03-25,payment,食費,カフェ,-,-,,法子　カフェ,-,（プレミアム会員で表示）,0,1130,（プレミアム会員で表示）,（プレミアム会員で表示）,（プレミアム会員で表示）,（プレミアム会員で表示）
2016-03-25,payment,食費,カフェ,-,-,,法子　カフェ,-,（プレミアム会員で表示）,0,1880,（プレミアム会員で表示）,（プレミアム会員で表示）,（プレミアム会員で表示）,（プレミアム会員で表示）
2016-03-25,payment,食費,食料品,-,-,,,ライフ,（プレミアム会員で表示）,0,170,（プレミアム会員で表示）,（プレミアム会員で表示）,（プレミアム会員で表示）,（プレミアム会員で表示）
2016-03-25,payment,食費,食料品,-,-,,,Santoku,（プレミアム会員で表示）,0,751,（プレミアム会員で表示）,（プレミアム会員で表示）,（プレミアム会員で表示）,（プレミアム会員で表示）
2016-03-25,payment,エンタメ,レジャー,-,-,,,曙橋ボルダリング,（プレミアム会員で表示）,0,1200,（プレミアム会員で表示）,（プレミアム会員で表示）,（プレミアム会員で表示）,（プレミアム会員で表示）
2016-03-25,payment,医療・保険,病院代,-,-,,,新宿はま歯科,（プレミアム会員で表示）,0,2470,（プレミアム会員で表示）,（プレミアム会員で表示）,（プレミアム会員で表示）,（プレミアム会員で表示）
2016-03-26,payment,日用雑貨,消耗品,-,-,,,ビックカメラ,（プレミアム会員で表示）,0,360,（プレミアム会員で表示）,（プレミアム会員で表示）,（プレミアム会員で表示）,（プレミアム会員で表示）
2016-03-26,payment,食費,食料品,-,-,,,ライフ,（プレミアム会員で表示）,0,613,（プレミアム会員で表示）,（プレミアム会員で表示）,（プレミアム会員で表示）,（プレミアム会員で表示）
2016-03-26,payment,日用雑貨,消耗品,-,-,,,ビックカメラ,（プレミアム会員で表示）,0,1015,（プレミアム会員で表示）,（プレミアム会員で表示）,（プレミアム会員で表示）,（プレミアム会員で表示）
2016-03-26,payment,医療・保険,薬代,-,-,,,ココカラファイン,（プレミアム会員で表示）,0,1070,（プレミアム会員で表示）,（プレミアム会員で表示）,（プレミアム会員で表示）,（プレミアム会員で表示）
2016-03-26,payment,食費,食料品,-,-,,,伊勢丹,（プレミアム会員で表示）,0,771,（プレミアム会員で表示）,（プレミアム会員で表示）,（プレミアム会員で表示）,（プレミアム会員で表示）
2016-03-26,payment,食費,食料品,-,-,,,伊勢丹,（プレミアム会員で表示）,0,972,（プレミアム会員で表示）,（プレミアム会員で表示）,（プレミアム会員で表示）,（プレミアム会員で表示）
2016-03-26,payment,食費,食料品,-,-,,,伊勢丹,（プレミアム会員で表示）,0,2977,（プレミアム会員で表示）,（プレミアム会員で表示）,（プレミアム会員で表示）,（プレミアム会員で表示）
2016-03-26,payment,日用雑貨,消耗品,-,-,,,無印良品,（プレミアム会員で表示）,0,315,（プレミアム会員で表示）,（プレミアム会員で表示）,（プレミアム会員で表示）,（プレミアム会員で表示）
2016-03-26,payment,食費,晩ご飯,-,-,,,無印良品,（プレミアム会員で表示）,0,2810,（プレミアム会員で表示）,（プレミアム会員で表示）,（プレミアム会員で表示）,（プレミアム会員で表示）
2016-03-27,payment,食費,食料品,-,-,,,ライフ,（プレミアム会員で表示）,0,924,（プレミアム会員で表示）,（プレミアム会員で表示）,（プレミアム会員で表示）,（プレミアム会員で表示）
2016-03-28,payment,食費,昼ご飯,-,-,,,アークヒルズカフェ,（プレミアム会員で表示）,0,1280,（プレミアム会員で表示）,（プレミアム会員で表示）,（プレミアム会員で表示）,（プレミアム会員で表示）
2016-03-28,payment,食費,晩ご飯,-,-,,,FUKUSHIMAYA,（プレミアム会員で表示）,0,950,（プレミアム会員で表示）,（プレミアム会員で表示）,（プレミアム会員で表示）,（プレミアム会員で表示）
2016-03-28,payment,食費,食料品,-,-,,,Santoku,（プレミアム会員で表示）,0,3581,（プレミアム会員で表示）,（プレミアム会員で表示）,（プレミアム会員で表示）,（プレミアム会員で表示）
2016-03-28,payment,食費,カフェ,-,-,,,スタバ,（プレミアム会員で表示）,0,734,（プレミアム会員で表示）,（プレミアム会員で表示）,（プレミアム会員で表示）,（プレミアム会員で表示）
2016-03-28,payment,日用雑貨,消耗品,-,-,,花,"Florist Knoche",（プレミアム会員で表示）,0,378,（プレミアム会員で表示）,（プレミアム会員で表示）,（プレミアム会員で表示）,（プレミアム会員で表示）
2016-03-29,payment,食費,カフェ,-,-,,,スタバ,（プレミアム会員で表示）,0,410,（プレミアム会員で表示）,（プレミアム会員で表示）,（プレミアム会員で表示）,（プレミアム会員で表示）
2016-03-29,payment,日用雑貨,子ども関連,-,-,,,omni7,（プレミアム会員で表示）,0,4731,（プレミアム会員で表示）,（プレミアム会員で表示）,（プレミアム会員で表示）,（プレミアム会員で表示）
2016-03-29,payment,食費,昼ご飯,-,-,,,Kichiri,（プレミアム会員で表示）,0,6500,（プレミアム会員で表示）,（プレミアム会員で表示）,（プレミアム会員で表示）,（プレミアム会員で表示）
2016-03-29,payment,食費,昼ご飯,-,-,,,響,（プレミアム会員で表示）,0,1400,（プレミアム会員で表示）,（プレミアム会員で表示）,（プレミアム会員で表示）,（プレミアム会員で表示）
2016-03-29,payment,食費,晩ご飯,-,-,,,FUKUSHIMAYA,（プレミアム会員で表示）,0,1089,（プレミアム会員で表示）,（プレミアム会員で表示）,（プレミアム会員で表示）,（プレミアム会員で表示）
2016-03-30,payment,食費,カフェ,-,-,,,タリーズ,（プレミアム会員で表示）,0,320,（プレミアム会員で表示）,（プレミアム会員で表示）,（プレミアム会員で表示）,（プレミアム会員で表示）
2016-03-30,payment,食費,食料品,-,-,,,Santoku,（プレミアム会員で表示）,0,5898,（プレミアム会員で表示）,（プレミアム会員で表示）,（プレミアム会員で表示）,（プレミアム会員で表示）
2016-03-30,payment,食費,食料品,-,-,,,満,（プレミアム会員で表示）,0,540,（プレミアム会員で表示）,（プレミアム会員で表示）,（プレミアム会員で表示）,（プレミアム会員で表示）
2016-03-30,payment,医療・保険,病院代,-,-,,,新宿はま歯科,（プレミアム会員で表示）,0,1300,（プレミアム会員で表示）,（プレミアム会員で表示）,（プレミアム会員で表示）,（プレミアム会員で表示）
2016-03-30,payment,食費,昼ご飯,-,-,,,アークヒルズカフェ,（プレミアム会員で表示）,0,1000,（プレミアム会員で表示）,（プレミアム会員で表示）,（プレミアム会員で表示）,（プレミアム会員で表示）
2016-03-31,payment,医療・保険,薬代,-,-,,法子　アレグラ,ココカラファイン,（プレミアム会員で表示）,0,2036,（プレミアム会員で表示）,（プレミアム会員で表示）,（プレミアム会員で表示）,（プレミアム会員で表示）
2016-03-31,payment,食費,昼ご飯,-,-,,,シャトー・メルシャン,（プレミアム会員で表示）,0,1080,（プレミアム会員で表示）,（プレミアム会員で表示）,（プレミアム会員で表示）,（プレミアム会員で表示）
2016-04-01,payment,住まい,家賃,銀行,-,,,-,（プレミアム会員で表示）,0,155000,（プレミアム会員で表示）,（プレミアム会員で表示）,（プレミアム会員で表示）,（プレミアム会員で表示）
2016-04-01,payment,食費,カフェ,-,-,,,タリーズ,（プレミアム会員で表示）,0,1030,（プレミアム会員で表示）,（プレミアム会員で表示）,（プレミアム会員で表示）,（プレミアム会員で表示）
2016-04-01,payment,食費,昼ご飯,-,-,,,タリーズ,（プレミアム会員で表示）,0,1040,（プレミアム会員で表示）,（プレミアム会員で表示）,（プレミアム会員で表示）,（プレミアム会員で表示）
2016-04-03,payment,食費,昼ご飯,-,-,,,アエン,（プレミアム会員で表示）,0,4321,（プレミアム会員で表示）,（プレミアム会員で表示）,（プレミアム会員で表示）,（プレミアム会員で表示）
2016-04-03,payment,食費,食料品,-,-,,えぞ式すーすー茶,-,（プレミアム会員で表示）,0,2953,（プレミアム会員で表示）,（プレミアム会員で表示）,（プレミアム会員で表示）,（プレミアム会員で表示）
2016-04-04,payment,食費,昼ご飯,-,-,,,"PIZZA SALVATORE",（プレミアム会員で表示）,0,3044,（プレミアム会員で表示）,（プレミアム会員で表示）,（プレミアム会員で表示）,（プレミアム会員で表示）
2016-04-04,payment,食費,食料品,-,-,,,Maruetsu,（プレミアム会員で表示）,0,3998,（プレミアム会員で表示）,（プレミアム会員で表示）,（プレミアム会員で表示）,（プレミアム会員で表示）
2016-04-04,payment,日用雑貨,消耗品,-,-,,,DAISO,（プレミアム会員で表示）,0,1620,（プレミアム会員で表示）,（プレミアム会員で表示）,（プレミアム会員で表示）,（プレミアム会員で表示）
2016-04-04,payment,美容・衣服,コスメ,-,-,,法子,Amazon,（プレミアム会員で表示）,0,4644,（プレミアム会員で表示）,（プレミアム会員で表示）,（プレミアム会員で表示）,（プレミアム会員で表示）
2016-04-04,payment,食費,食料品,-,-,,,ライフ,（プレミアム会員で表示）,0,3386,（プレミアム会員で表示）,（プレミアム会員で表示）,（プレミアム会員で表示）,（プレミアム会員で表示）
2016-04-04,payment,水道・光熱,ガス料金,-,-,,,-,（プレミアム会員で表示）,0,7563,（プレミアム会員で表示）,（プレミアム会員で表示）,（プレミアム会員で表示）,（プレミアム会員で表示）
2016-04-06,payment,日用雑貨,消耗品,-,-,,,Seria,（プレミアム会員で表示）,0,972,（プレミアム会員で表示）,（プレミアム会員で表示）,（プレミアム会員で表示）,（プレミアム会員で表示）
2016-04-06,payment,食費,昼ご飯,-,-,,,モスバーガー,（プレミアム会員で表示）,0,750,（プレミアム会員で表示）,（プレミアム会員で表示）,（プレミアム会員で表示）,（プレミアム会員で表示）
2016-04-06,payment,食費,昼ご飯,-,-,,,アークヒルズ　出店,（プレミアム会員で表示）,0,800,（プレミアム会員で表示）,（プレミアム会員で表示）,（プレミアム会員で表示）,（プレミアム会員で表示）
2016-04-06,payment,食費,晩ご飯,-,-,,,FUKUSHIMAYA,（プレミアム会員で表示）,0,1095,（プレミアム会員で表示）,（プレミアム会員で表示）,（プレミアム会員で表示）,（プレミアム会員で表示）
2016-04-07,payment,食費,昼ご飯,-,-,,,いづ味,（プレミアム会員で表示）,0,880,（プレミアム会員で表示）,（プレミアム会員で表示）,（プレミアム会員で表示）,（プレミアム会員で表示）
2016-04-07,payment,食費,カフェ,-,-,,,FUKUSHIMAYA,（プレミアム会員で表示）,0,213,（プレミアム会員で表示）,（プレミアム会員で表示）,（プレミアム会員で表示）,（プレミアム会員で表示）
2016-04-07,payment,食費,カフェ,-,-,,,FUKUSHIMAYA,（プレミアム会員で表示）,0,388,（プレミアム会員で表示）,（プレミアム会員で表示）,（プレミアム会員で表示）,（プレミアム会員で表示）
2016-04-07,payment,食費,食料品,-,-,,,FUKUSHIMAYA,（プレミアム会員で表示）,0,396,（プレミアム会員で表示）,（プレミアム会員で表示）,（プレミアム会員で表示）,（プレミアム会員で表示）
2016-04-07,payment,食費,食料品,-,-,,,Santoku,（プレミアム会員で表示）,0,209,（プレミアム会員で表示）,（プレミアム会員で表示）,（プレミアム会員で表示）,（プレミアム会員で表示）
2016-04-07,payment,食費,カフェ,-,-,,,スタバ,（プレミアム会員で表示）,0,734,（プレミアム会員で表示）,（プレミアム会員で表示）,（プレミアム会員で表示）,（プレミアム会員で表示）
2016-04-07,payment,日用雑貨,子ども関連,-,-,,おむつ等,Amazon,（プレミアム会員で表示）,0,1543,（プレミアム会員で表示）,（プレミアム会員で表示）,（プレミアム会員で表示）,（プレミアム会員で表示）
2016-04-07,payment,水道・光熱,電気料金,-,-,,,-,（プレミアム会員で表示）,0,19393,（プレミアム会員で表示）,（プレミアム会員で表示）,（プレミアム会員で表示）,（プレミアム会員で表示）
2016-04-08,payment,食費,カフェ,-,-,,,スタバ,（プレミアム会員で表示）,0,410,（プレミアム会員で表示）,（プレミアム会員で表示）,（プレミアム会員で表示）,（プレミアム会員で表示）
2016-04-08,payment,食費,晩ご飯,-,-,,,FUKUSHIMAYA,（プレミアム会員で表示）,0,1058,（プレミアム会員で表示）,（プレミアム会員で表示）,（プレミアム会員で表示）,（プレミアム会員で表示）
2016-04-08,payment,食費,昼ご飯,-,-,,,アークヒルズカフェ,（プレミアム会員で表示）,0,1280,（プレミアム会員で表示）,（プレミアム会員で表示）,（プレミアム会員で表示）,（プレミアム会員で表示）
2016-04-08,payment,医療・保険,病院代,-,-,,眼科　法子　コンタクト,-,（プレミアム会員で表示）,0,1220,（プレミアム会員で表示）,（プレミアム会員で表示）,（プレミアム会員で表示）,（プレミアム会員で表示）
2016-04-08,payment,医療・保険,その他,-,-,,コンタクト,-,（プレミアム会員で表示）,0,71310,（プレミアム会員で表示）,（プレミアム会員で表示）,（プレミアム会員で表示）,（プレミアム会員で表示）
2016-04-09,payment,食費,昼ご飯,-,-,,,アークサウスタワー笑壺,（プレミアム会員で表示）,0,1000,（プレミアム会員で表示）,（プレミアム会員で表示）,（プレミアム会員で表示）,（プレミアム会員で表示）
2016-04-09,payment,エンタメ,レジャー,-,-,,アンパンマンミュージアム,-,（プレミアム会員で表示）,0,3000,（プレミアム会員で表示）,（プレミアム会員で表示）,（プレミアム会員で表示）,（プレミアム会員で表示）
2016-04-09,payment,食費,晩ご飯,-,-,,,chano-mama,（プレミアム会員で表示）,0,7440,（プレミアム会員で表示）,（プレミアム会員で表示）,（プレミアム会員で表示）,（プレミアム会員で表示）
2016-04-10,payment,食費,食料品,-,-,,,イトーヨーカドー,（プレミアム会員で表示）,0,3769,（プレミアム会員で表示）,（プレミアム会員で表示）,（プレミアム会員で表示）,（プレミアム会員で表示）
2016-04-10,payment,食費,昼ご飯,-,-,,,PEARL,（プレミアム会員で表示）,0,3000,（プレミアム会員で表示）,（プレミアム会員で表示）,（プレミアム会員で表示）,（プレミアム会員で表示）
2016-04-11,payment,食費,カフェ,-,-,,,スタバ,（プレミアム会員で表示）,0,410,（プレミアム会員で表示）,（プレミアム会員で表示）,（プレミアム会員で表示）,（プレミアム会員で表示）
2016-04-11,payment,食費,昼ご飯,-,-,,シャンティカレー,-,（プレミアム会員で表示）,0,750,（プレミアム会員で表示）,（プレミアム会員で表示）,（プレミアム会員で表示）,（プレミアム会員で表示）
2016-04-11,payment,医療・保険,薬代,-,-,,法子　目薬,ココカラファイン,（プレミアム会員で表示）,0,590,（プレミアム会員で表示）,（プレミアム会員で表示）,（プレミアム会員で表示）,（プレミアム会員で表示）
2016-04-11,payment,食費,カフェ,-,-,,,ブルーボトルコーヒー,（プレミアム会員で表示）,0,486,（プレミアム会員で表示）,（プレミアム会員で表示）,（プレミアム会員で表示）,（プレミアム会員で表示）
2016-04-11,payment,食費,昼ご飯,-,-,,法子,-,（プレミアム会員で表示）,0,1479,（プレミアム会員で表示）,（プレミアム会員で表示）,（プレミアム会員で表示）,（プレミアム会員で表示）
2016-04-11,payment,日用雑貨,消耗品,-,-,,,"Natural Kitchen",（プレミアム会員で表示）,0,1188,（プレミアム会員で表示）,（プレミアム会員で表示）,（プレミアム会員で表示）,（プレミアム会員で表示）
2016-04-11,payment,日用雑貨,消耗品,-,-,,,Seria,（プレミアム会員で表示）,0,432,（プレミアム会員で表示）,（プレミアム会員で表示）,（プレミアム会員で表示）,（プレミアム会員で表示）
2016-04-11,payment,日用雑貨,消耗品,-,-,,,-,（プレミアム会員で表示）,0,3963,（プレミアム会員で表示）,（プレミアム会員で表示）,（プレミアム会員で表示）,（プレミアム会員で表示）
2016-04-12,payment,食費,昼ご飯,-,-,,,アークサウスタワー笑壺,（プレミアム会員で表示）,0,1000,（プレミアム会員で表示）,（プレミアム会員で表示）,（プレミアム会員で表示）,（プレミアム会員で表示）
2016-04-12,payment,食費,カフェ,-,-,,,FUKUSHIMAYA,（プレミアム会員で表示）,0,313,（プレミアム会員で表示）,（プレミアム会員で表示）,（プレミアム会員で表示）,（プレミアム会員で表示）
2016-04-12,payment,食費,晩ご飯,-,-,,,FUKUSHIMAYA,（プレミアム会員で表示）,0,1048,（プレミアム会員で表示）,（プレミアム会員で表示）,（プレミアム会員で表示）,（プレミアム会員で表示）
2016-04-12,payment,食費,昼ご飯,-,-,,法子　横浜,-,（プレミアム会員で表示）,0,980,（プレミアム会員で表示）,（プレミアム会員で表示）,（プレミアム会員で表示）,（プレミアム会員で表示）
2016-04-12,payment,食費,食料品,-,-,,,Santoku,（プレミアム会員で表示）,0,1256,（プレミアム会員で表示）,（プレミアム会員で表示）,（プレミアム会員で表示）,（プレミアム会員で表示）
2016-04-12,payment,食費,食料品,-,-,,,ライフ,（プレミアム会員で表示）,0,4102,（プレミアム会員で表示）,（プレミアム会員で表示）,（プレミアム会員で表示）,（プレミアム会員で表示）
2016-04-12,payment,食費,食料品,-,-,,,久原本家,（プレミアム会員で表示）,0,7603,（プレミアム会員で表示）,（プレミアム会員で表示）,（プレミアム会員で表示）,（プレミアム会員で表示）
2016-04-13,payment,食費,昼ご飯,-,-,,,アークヒルズカフェ,（プレミアム会員で表示）,0,1000,（プレミアム会員で表示）,（プレミアム会員で表示）,（プレミアム会員で表示）,（プレミアム会員で表示）
2016-04-13,payment,食費,晩ご飯,-,-,,,水内庵,（プレミアム会員で表示）,0,1000,（プレミアム会員で表示）,（プレミアム会員で表示）,（プレミアム会員で表示）,（プレミアム会員で表示）
2016-04-13,payment,食費,食料品,-,-,,,FUKUSHIMAYA,（プレミアム会員で表示）,0,390,（プレミアム会員で表示）,（プレミアム会員で表示）,（プレミアム会員で表示）,（プレミアム会員で表示）
2016-04-13,payment,美容・衣服,美容院,-,-,,法子,"plus lounge",（プレミアム会員で表示）,0,11960,（プレミアム会員で表示）,（プレミアム会員で表示）,（プレミアム会員で表示）,（プレミアム会員で表示）
2016-04-13,payment,日用雑貨,消耗品,-,-,,,ユザワヤ,（プレミアム会員で表示）,0,3564,（プレミアム会員で表示）,（プレミアム会員で表示）,（プレミアム会員で表示）,（プレミアム会員で表示）
2016-04-13,payment,美容・衣服,アクセサリー・小物,-,-,,ハンカチ,-,（プレミアム会員で表示）,0,1080,（プレミアム会員で表示）,（プレミアム会員で表示）,（プレミアム会員で表示）,（プレミアム会員で表示）
2016-04-14,payment,医療・保険,病院代,-,-,,,新宿はま歯科,（プレミアム会員で表示）,0,1340,（プレミアム会員で表示）,（プレミアム会員で表示）,（プレミアム会員で表示）,（プレミアム会員で表示）
2016-04-14,payment,食費,昼ご飯,-,-,,,アークヒルズ　出店,（プレミアム会員で表示）,0,850,（プレミアム会員で表示）,（プレミアム会員で表示）,（プレミアム会員で表示）,（プレミアム会員で表示）
2016-04-14,payment,食費,晩ご飯,-,-,,,モスバーガー,（プレミアム会員で表示）,0,1350,（プレミアム会員で表示）,（プレミアム会員で表示）,（プレミアム会員で表示）,（プレミアム会員で表示）
2016-04-14,payment,エンタメ,レジャー,-,-,,,曙橋ボルダリング,（プレミアム会員で表示）,0,1200,（プレミアム会員で表示）,（プレミアム会員で表示）,（プレミアム会員で表示）,（プレミアム会員で表示）
2016-04-14,payment,食費,食料品,-,-,,,曙橋八百屋,（プレミアム会員で表示）,0,1207,（プレミアム会員で表示）,（プレミアム会員で表示）,（プレミアム会員で表示）,（プレミアム会員で表示）
2016-04-14,payment,食費,食料品,-,-,,,Santoku,（プレミアム会員で表示）,0,3707,（プレミアム会員で表示）,（プレミアム会員で表示）,（プレミアム会員で表示）,（プレミアム会員で表示）
2016-04-14,payment,食費,カフェ,-,-,,法子　パンケーキ　銀座,-,（プレミアム会員で表示）,0,3466,（プレミアム会員で表示）,（プレミアム会員で表示）,（プレミアム会員で表示）,（プレミアム会員で表示）
2016-04-15,payment,食費,カフェ,-,-,,,スタバ,（プレミアム会員で表示）,0,410,（プレミアム会員で表示）,（プレミアム会員で表示）,（プレミアム会員で表示）,（プレミアム会員で表示）
2016-04-15,payment,食費,昼ご飯,-,-,,,アークヒルズカフェ,（プレミアム会員で表示）,0,1000,（プレミアム会員で表示）,（プレミアム会員で表示）,（プレミアム会員で表示）,（プレミアム会員で表示）
2016-04-15,payment,食費,晩ご飯,-,-,,,FUKUSHIMAYA,（プレミアム会員で表示）,0,1517,（プレミアム会員で表示）,（プレミアム会員で表示）,（プレミアム会員で表示）,（プレミアム会員で表示）
2016-04-15,payment,食費,カフェ,-,-,,,タリーズ,（プレミアム会員で表示）,0,690,（プレミアム会員で表示）,（プレミアム会員で表示）,（プレミアム会員で表示）,（プレミアム会員で表示）
2016-04-15,payment,食費,食料品,-,-,,,Santoku,（プレミアム会員で表示）,0,725,（プレミアム会員で表示）,（プレミアム会員で表示）,（プレミアム会員で表示）,（プレミアム会員で表示）
2016-04-15,payment,美容・衣服,洋服,-,-,,,"h & m",（プレミアム会員で表示）,0,3696,（プレミアム会員で表示）,（プレミアム会員で表示）,（プレミアム会員で表示）,（プレミアム会員で表示）
2016-04-15,payment,交際費,プレゼント,-,-,,,伊勢丹,（プレミアム会員で表示）,0,3888,（プレミアム会員で表示）,（プレミアム会員で表示）,（プレミアム会員で表示）,（プレミアム会員で表示）
2016-04-15,payment,日用雑貨,消耗品,-,-,,,DAISO,（プレミアム会員で表示）,0,432,（プレミアム会員で表示）,（プレミアム会員で表示）,（プレミアム会員で表示）,（プレミアム会員で表示）
2016-04-16,payment,クルマ,駐車場,-,-,,代々木公園,-,（プレミアム会員で表示）,0,2000,（プレミアム会員で表示）,（プレミアム会員で表示）,（プレミアム会員で表示）,（プレミアム会員で表示）
2016-04-16,payment,食費,昼ご飯,-,-,,代々木八幡　洋食,-,（プレミアム会員で表示）,0,3000,（プレミアム会員で表示）,（プレミアム会員で表示）,（プレミアム会員で表示）,（プレミアム会員で表示）
2016-04-16,payment,食費,食料品,-,-,,,Santoku,（プレミアム会員で表示）,0,5662,（プレミアム会員で表示）,（プレミアム会員で表示）,（プレミアム会員で表示）,（プレミアム会員で表示）
2016-04-16,payment,食費,食料品,-,-,,代々木八幡　パン,365日,（プレミアム会員で表示）,0,1890,（プレミアム会員で表示）,（プレミアム会員で表示）,（プレミアム会員で表示）,（プレミアム会員で表示）
2016-04-17,payment,食費,カフェ,-,-,,,PEARL,（プレミアム会員で表示）,0,1900,（プレミアム会員で表示）,（プレミアム会員で表示）,（プレミアム会員で表示）,（プレミアム会員で表示）
2016-04-17,payment,日用雑貨,消耗品,-,-,,,イトーヨーカドー,（プレミアム会員で表示）,0,1750,（プレミアム会員で表示）,（プレミアム会員で表示）,（プレミアム会員で表示）,（プレミアム会員で表示）
2016-04-18,payment,食費,昼ご飯,-,-,,,アークサウスタワー笑壺,（プレミアム会員で表示）,0,1000,（プレミアム会員で表示）,（プレミアム会員で表示）,（プレミアム会員で表示）,（プレミアム会員で表示）
2016-04-18,payment,食費,カフェ,-,-,,,FUKUSHIMAYA,（プレミアム会員で表示）,0,313,（プレミアム会員で表示）,（プレミアム会員で表示）,（プレミアム会員で表示）,（プレミアム会員で表示）
2016-04-18,payment,食費,晩ご飯,-,-,,,"Soup Stock Tokyo",（プレミアム会員で表示）,0,980,（プレミアム会員で表示）,（プレミアム会員で表示）,（プレミアム会員で表示）,（プレミアム会員で表示）
2016-04-18,payment,食費,カフェ,-,-,,,タリーズ,（プレミアム会員で表示）,0,340,（プレミアム会員で表示）,（プレミアム会員で表示）,（プレミアム会員で表示）,（プレミアム会員で表示）
2016-04-18,payment,食費,昼ご飯,-,-,,法子,-,（プレミアム会員で表示）,0,950,（プレミアム会員で表示）,（プレミアム会員で表示）,（プレミアム会員で表示）,（プレミアム会員で表示）
2016-04-18,payment,食費,食料品,-,-,,,ライフ,（プレミアム会員で表示）,0,874,（プレミアム会員で表示）,（プレミアム会員で表示）,（プレミアム会員で表示）,（プレミアム会員で表示）
2016-04-18,payment,食費,食料品,-,-,,,ライフ,（プレミアム会員で表示）,0,2259,（プレミアム会員で表示）,（プレミアム会員で表示）,（プレミアム会員で表示）,（プレミアム会員で表示）
2016-04-19,payment,食費,昼ご飯,-,-,,,アークヒルズカフェ,（プレミアム会員で表示）,0,1000,（プレミアム会員で表示）,（プレミアム会員で表示）,（プレミアム会員で表示）,（プレミアム会員で表示）
2016-04-19,payment,食費,晩ご飯,-,-,,,FUKUSHIMAYA,（プレミアム会員で表示）,0,1456,（プレミアム会員で表示）,（プレミアム会員で表示）,（プレミアム会員で表示）,（プレミアム会員で表示）
2016-04-19,payment,食費,カフェ,-,-,,,タリーズ,（プレミアム会員で表示）,0,360,（プレミアム会員で表示）,（プレミアム会員で表示）,（プレミアム会員で表示）,（プレミアム会員で表示）
2016-04-19,payment,食費,食料品,-,-,,,Santoku,（プレミアム会員で表示）,0,1373,（プレミアム会員で表示）,（プレミアム会員で表示）,（プレミアム会員で表示）,（プレミアム会員で表示）
2016-04-19,payment,食費,昼ご飯,-,-,,,マルイカフェ,（プレミアム会員で表示）,0,1582,（プレミアム会員で表示）,（プレミアム会員で表示）,（プレミアム会員で表示）,（プレミアム会員で表示）
2016-04-20,payment,食費,昼ご飯,-,-,,溜池,-,（プレミアム会員で表示）,0,1100,（プレミアム会員で表示）,（プレミアム会員で表示）,（プレミアム会員で表示）,（プレミアム会員で表示）
2016-04-20,payment,食費,カフェ,-,-,,,スタバ,（プレミアム会員で表示）,0,410,（プレミアム会員で表示）,（プレミアム会員で表示）,（プレミアム会員で表示）,（プレミアム会員で表示）
2016-04-20,payment,食費,晩ご飯,-,-,,,FUKUSHIMAYA,（プレミアム会員で表示）,0,1121,（プレミアム会員で表示）,（プレミアム会員で表示）,（プレミアム会員で表示）,（プレミアム会員で表示）
2016-04-20,payment,食費,カフェ,-,-,,,タリーズ,（プレミアム会員で表示）,0,320,（プレミアム会員で表示）,（プレミアム会員で表示）,（プレミアム会員で表示）,（プレミアム会員で表示）
2016-04-20,payment,日用雑貨,消耗品,-,-,,,ダイソー,（プレミアム会員で表示）,0,216,（プレミアム会員で表示）,（プレミアム会員で表示）,（プレミアム会員で表示）,（プレミアム会員で表示）
2016-04-21,payment,食費,カフェ,-,-,,,FUKUSHIMAYA,（プレミアム会員で表示）,0,313,（プレミアム会員で表示）,（プレミアム会員で表示）,（プレミアム会員で表示）,（プレミアム会員で表示）
2016-04-21,payment,食費,晩ご飯,-,-,,,FUKUSHIMAYA,（プレミアム会員で表示）,0,928,（プレミアム会員で表示）,（プレミアム会員で表示）,（プレミアム会員で表示）,（プレミアム会員で表示）
2016-04-21,payment,食費,昼ご飯,-,-,,,アークヒルズ　出店,（プレミアム会員で表示）,0,750,（プレミアム会員で表示）,（プレミアム会員で表示）,（プレミアム会員で表示）,（プレミアム会員で表示）
2016-04-21,payment,食費,昼ご飯,-,-,,,するりうどん,（プレミアム会員で表示）,0,1200,（プレミアム会員で表示）,（プレミアム会員で表示）,（プレミアム会員で表示）,（プレミアム会員で表示）
2016-04-21,payment,食費,食料品,-,-,,ボリビア会用　レジャーシート等,Amazon,（プレミアム会員で表示）,0,3939,（プレミアム会員で表示）,（プレミアム会員で表示）,（プレミアム会員で表示）,（プレミアム会員で表示）
2016-04-22,payment,食費,カフェ,-,-,,,スタバ,（プレミアム会員で表示）,0,410,（プレミアム会員で表示）,（プレミアム会員で表示）,（プレミアム会員で表示）,（プレミアム会員で表示）
2016-04-22,payment,食費,昼ご飯,-,-,,泉ガーデン　インド,-,（プレミアム会員で表示）,0,1200,（プレミアム会員で表示）,（プレミアム会員で表示）,（プレミアム会員で表示）,（プレミアム会員で表示）
2016-04-22,payment,食費,晩ご飯,-,-,,無料,"Soup Stock Tokyo",（プレミアム会員で表示）,0,0,（プレミアム会員で表示）,（プレミアム会員で表示）,（プレミアム会員で表示）,（プレミアム会員で表示）
2016-04-22,payment,日用雑貨,消耗品,-,-,,,ダイソー,（プレミアム会員で表示）,0,108,（プレミアム会員で表示）,（プレミアム会員で表示）,（プレミアム会員で表示）,（プレミアム会員で表示）
2016-04-22,payment,食費,食料品,-,-,,,Maruetsu,（プレミアム会員で表示）,0,1425,（プレミアム会員で表示）,（プレミアム会員で表示）,（プレミアム会員で表示）,（プレミアム会員で表示）
2016-04-22,payment,食費,カフェ,-,-,,,ベローチェ,（プレミアム会員で表示）,0,388,（プレミアム会員で表示）,（プレミアム会員で表示）,（プレミアム会員で表示）,（プレミアム会員で表示）
2016-04-23,payment,交通,タクシー,-,-,,,-,（プレミアム会員で表示）,0,2484,（プレミアム会員で表示）,（プレミアム会員で表示）,（プレミアム会員で表示）,（プレミアム会員で表示）
2016-04-23,payment,エンタメ,レジャー,-,-,,ケイタリング等、収支合計,-,（プレミアム会員で表示）,0,10000,（プレミアム会員で表示）,（プレミアム会員で表示）,（プレミアム会員で表示）,（プレミアム会員で表示）
2016-04-23,payment,エンタメ,レジャー,-,-,,ボリビア会二次会,-,（プレミアム会員で表示）,0,6000,（プレミアム会員で表示）,（プレミアム会員で表示）,（プレミアム会員で表示）,（プレミアム会員で表示）
2016-04-23,payment,食費,晩ご飯,-,-,,法子,-,（プレミアム会員で表示）,0,880,（プレミアム会員で表示）,（プレミアム会員で表示）,（プレミアム会員で表示）,（プレミアム会員で表示）
2016-04-24,payment,食費,カフェ,-,-,,,エクセルシオール,（プレミアム会員で表示）,0,340,（プレミアム会員で表示）,（プレミアム会員で表示）,（プレミアム会員で表示）,（プレミアム会員で表示）
2016-04-24,payment,食費,昼ご飯,-,-,,熊本義援金,-,（プレミアム会員で表示）,0,2000,（プレミアム会員で表示）,（プレミアム会員で表示）,（プレミアム会員で表示）,（プレミアム会員で表示）
2016-04-24,payment,食費,昼ご飯,-,-,,,モスバーガー,（プレミアム会員で表示）,0,330,（プレミアム会員で表示）,（プレミアム会員で表示）,（プレミアム会員で表示）,（プレミアム会員で表示）
2016-04-24,payment,食費,朝ご飯,-,-,,,コンビニ,（プレミアム会員で表示）,0,250,（プレミアム会員で表示）,（プレミアム会員で表示）,（プレミアム会員で表示）,（プレミアム会員で表示）
2016-04-24,payment,エンタメ,レジャー,-,-,,,Safecast,（プレミアム会員で表示）,0,55000,（プレミアム会員で表示）,（プレミアム会員で表示）,（プレミアム会員で表示）,（プレミアム会員で表示）
2016-04-24,payment,食費,カフェ,-,-,,渋谷,-,（プレミアム会員で表示）,0,450,（プレミアム会員で表示）,（プレミアム会員で表示）,（プレミアム会員で表示）,（プレミアム会員で表示）
2016-04-24,payment,食費,食料品,-,-,,,ライフ,（プレミアム会員で表示）,0,5184,（プレミアム会員で表示）,（プレミアム会員で表示）,（プレミアム会員で表示）,（プレミアム会員で表示）
2016-04-24,payment,食費,食料品,-,-,,,oisix,（プレミアム会員で表示）,0,6536,（プレミアム会員で表示）,（プレミアム会員で表示）,（プレミアム会員で表示）,（プレミアム会員で表示）
2016-04-25,income,給与所得,-,-,銀行,,,-,（プレミアム会員で表示）,500000,0,（プレミアム会員で表示）,（プレミアム会員で表示）,（プレミアム会員で表示）,（プレミアム会員で表示）
2016-04-25,payment,食費,カフェ,-,-,,,FUKUSHIMAYA,（プレミアム会員で表示）,0,500,（プレミアム会員で表示）,（プレミアム会員で表示）,（プレミアム会員で表示）,（プレミアム会員で表示）
2016-04-25,payment,食費,昼ご飯,-,-,,,アークヒルズカフェ,（プレミアム会員で表示）,0,1000,（プレミアム会員で表示）,（プレミアム会員で表示）,（プレミアム会員で表示）,（プレミアム会員で表示）
2016-04-25,payment,食費,晩ご飯,-,-,,,水内庵,（プレミアム会員で表示）,0,1000,（プレミアム会員で表示）,（プレミアム会員で表示）,（プレミアム会員で表示）,（プレミアム会員で表示）
2016-04-25,payment,食費,昼ご飯,-,-,,,オセロ,（プレミアム会員で表示）,0,1100,（プレミアム会員で表示）,（プレミアム会員で表示）,（プレミアム会員で表示）,（プレミアム会員で表示）
2016-04-25,payment,食費,カフェ,-,-,,,タリーズ,（プレミアム会員で表示）,0,320,（プレミアム会員で表示）,（プレミアム会員で表示）,（プレミアム会員で表示）,（プレミアム会員で表示）
2016-04-26,payment,食費,カフェ,-,-,,,スタバ,（プレミアム会員で表示）,0,410,（プレミアム会員で表示）,（プレミアム会員で表示）,（プレミアム会員で表示）,（プレミアム会員で表示）
2016-04-26,payment,食費,昼ご飯,-,-,,,アリバブ,（プレミアム会員で表示）,0,1290,（プレミアム会員で表示）,（プレミアム会員で表示）,（プレミアム会員で表示）,（プレミアム会員で表示）
2016-04-26,payment,食費,晩ご飯,-,-,,,"The3rd Burger",（プレミアム会員で表示）,0,843,（プレミアム会員で表示）,（プレミアム会員で表示）,（プレミアム会員で表示）,（プレミアム会員で表示）
2016-04-26,payment,食費,カフェ,-,-,,,ベローチェ,（プレミアム会員で表示）,0,240,（プレミアム会員で表示）,（プレミアム会員で表示）,（プレミアム会員で表示）,（プレミアム会員で表示）
2016-04-26,payment,食費,昼ご飯,-,-,,,pronto,（プレミアム会員で表示）,0,890,（プレミアム会員で表示）,（プレミアム会員で表示）,（プレミアム会員で表示）,（プレミアム会員で表示）
2016-04-26,payment,日用雑貨,消耗品,-,-,,,Seria,（プレミアム会員で表示）,0,540,（プレミアム会員で表示）,（プレミアム会員で表示）,（プレミアム会員で表示）,（プレミアム会員で表示）
2016-04-27,payment,食費,カフェ,-,-,,,FUKUSHIMAYA,（プレミアム会員で表示）,0,313,（プレミアム会員で表示）,（プレミアム会員で表示）,（プレミアム会員で表示）,（プレミアム会員で表示）
2016-04-27,payment,食費,昼ご飯,-,-,,,アークサウスタワー笑壺,（プレミアム会員で表示）,0,1000,（プレミアム会員で表示）,（プレミアム会員で表示）,（プレミアム会員で表示）,（プレミアム会員で表示）
2016-04-27,payment,食費,晩ご飯,-,-,,,麦めしいとう,（プレミアム会員で表示）,0,950,（プレミアム会員で表示）,（プレミアム会員で表示）,（プレミアム会員で表示）,（プレミアム会員で表示）
2016-04-27,payment,食費,食料品,-,-,,,Santoku,（プレミアム会員で表示）,0,2543,（プレミアム会員で表示）,（プレミアム会員で表示）,（プレミアム会員で表示）,（プレミアム会員で表示）
2016-04-27,payment,食費,カフェ,-,-,,,スタバ,（プレミアム会員で表示）,0,260,（プレミアム会員で表示）,（プレミアム会員で表示）,（プレミアム会員で表示）,（プレミアム会員で表示）
2016-04-27,payment,食費,食料品,-,-,,,Maruetsu,（プレミアム会員で表示）,0,1030,（プレミアム会員で表示）,（プレミアム会員で表示）,（プレミアム会員で表示）,（プレミアム会員で表示）
2016-04-27,payment,食費,カフェ,-,-,,,スタバ,（プレミアム会員で表示）,0,1230,（プレミアム会員で表示）,（プレミアム会員で表示）,（プレミアム会員で表示）,（プレミアム会員で表示）
2016-04-27,payment,食費,昼ご飯,-,-,,,するりうどん,（プレミアム会員で表示）,0,1380,（プレミアム会員で表示）,（プレミアム会員で表示）,（プレミアム会員で表示）,（プレミアム会員で表示）
2016-04-28,payment,食費,カフェ,-,-,,,FUKUSHIMAYA,（プレミアム会員で表示）,0,500,（プレミアム会員で表示）,（プレミアム会員で表示）,（プレミアム会員で表示）,（プレミアム会員で表示）
2016-04-28,payment,食費,昼ご飯,-,-,,,童童,（プレミアム会員で表示）,0,950,（プレミアム会員で表示）,（プレミアム会員で表示）,（プレミアム会員で表示）,（プレミアム会員で表示）
2016-04-28,payment,食費,食料品,-,-,,,FUKUSHIMAYA,（プレミアム会員で表示）,0,723,（プレミアム会員で表示）,（プレミアム会員で表示）,（プレミアム会員で表示）,（プレミアム会員で表示）
2016-04-28,payment,食費,その他,-,-,,ケーキ,FUKUSHIMAYA,（プレミアム会員で表示）,0,1296,（プレミアム会員で表示）,（プレミアム会員で表示）,（プレミアム会員で表示）,（プレミアム会員で表示）
2016-04-28,payment,食費,晩ご飯,-,-,,,麦めしいとう,（プレミアム会員で表示）,0,1050,（プレミアム会員で表示）,（プレミアム会員で表示）,（プレミアム会員で表示）,（プレミアム会員で表示）
2016-04-28,payment,食費,昼ご飯,-,-,,,無印良品,（プレミアム会員で表示）,0,1000,（プレミアム会員で表示）,（プレミアム会員で表示）,（プレミアム会員で表示）,（プレミアム会員で表示）
2016-04-28,payment,日用雑貨,消耗品,-,-,,,無印良品,（プレミアム会員で表示）,0,1435,（プレミアム会員で表示）,（プレミアム会員で表示）,（プレミアム会員で表示）,（プレミアム会員で表示）
2016-04-29,payment,食費,昼ご飯,-,-,,,モスバーガー,（プレミアム会員で表示）,0,1860,（プレミアム会員で表示）,（プレミアム会員で表示）,（プレミアム会員で表示）,（プレミアム会員で表示）
2016-04-29,payment,教育・教養,学費,-,-,,一時保育,富久町保育園,（プレミアム会員で表示）,0,16100,（プレミアム会員で表示）,（プレミアム会員で表示）,（プレミアム会員で表示）,（プレミアム会員で表示）
2016-04-29,payment,教育・教養,学費,-,-,,,いるま保育園,（プレミアム会員で表示）,0,43400,（プレミアム会員で表示）,（プレミアム会員で表示）,（プレミアム会員で表示）,（プレミアム会員で表示）
2016-04-29,payment,食費,食料品,-,-,,,ライフ,（プレミアム会員で表示）,0,4240,（プレミアム会員で表示）,（プレミアム会員で表示）,（プレミアム会員で表示）,（プレミアム会員で表示）
2016-04-29,payment,エンタメ,レジャー,-,-,,MicroSD,ヨドバシカメラ,（プレミアム会員で表示）,0,385,（プレミアム会員で表示）,（プレミアム会員で表示）,（プレミアム会員で表示）,（プレミアム会員で表示）
2016-04-29,payment,日用雑貨,消耗品,-,-,,,Amazon,（プレミアム会員で表示）,0,853,（プレミアム会員で表示）,（プレミアム会員で表示）,（プレミアム会員で表示）,（プレミアム会員で表示）
2016-04-30,payment,食費,昼ご飯,-,-,,,新丸ビル,（プレミアム会員で表示）,0,6372,（プレミアム会員で表示）,（プレミアム会員で表示）,（プレミアム会員で表示）,（プレミアム会員で表示）
2016-04-30,payment,食費,カフェ,-,-,,,新丸ビル,（プレミアム会員で表示）,0,330,（プレミアム会員で表示）,（プレミアム会員で表示）,（プレミアム会員で表示）,（プレミアム会員で表示）
2016-04-30,payment,エンタメ,書籍,-,-,,,丸善,（プレミアム会員で表示）,0,4806,（プレミアム会員で表示）,（プレミアム会員で表示）,（プレミアム会員で表示）,（プレミアム会員で表示）
2016-04-30,payment,クルマ,駐車場,-,-,,,新丸ビル,（プレミアム会員で表示）,0,600,（プレミアム会員で表示）,（プレミアム会員で表示）,（プレミアム会員で表示）,（プレミアム会員で表示）
2016-04-30,payment,教育・教養,その他,-,-,,文具,丸善,（プレミアム会員で表示）,0,486,（プレミアム会員で表示）,（プレミアム会員で表示）,（プレミアム会員で表示）,（プレミアム会員で表示）
2016-04-30,payment,日用雑貨,消耗品,-,-,,,-,（プレミアム会員で表示）,0,972,（プレミアム会員で表示）,（プレミアム会員で表示）,（プレミアム会員で表示）,（プレミアム会員で表示）
2016-04-30,payment,医療・保険,その他,-,-,,生理用品,-,（プレミアム会員で表示）,0,762,（プレミアム会員で表示）,（プレミアム会員で表示）,（プレミアム会員で表示）,（プレミアム会員で表示）
2016-05-01,payment,住まい,家賃,銀行,-,,,-,（プレミアム会員で表示）,0,155000,（プレミアム会員で表示）,（プレミアム会員で表示）,（プレミアム会員で表示）,（プレミアム会員で表示）
